DexNo,Name,Type1,Type2,Aty1,Aty2,DisplayName,HP,Att,Def,Satt,Sdef,Spd,Gen
#001,Bulbasaur,Grass,Poison,,,Bulbasaur,45,49,49,65,65,45,1
#002,Ivysaur,Grass,Poison,,,Ivysaur,60,62,63,80,80,60,1
#003,Venusaur,Grass,Poison,,,Venusaur,80,82,83,100,100,80,1
#004,Charmander,Fire,,,,Charmander,39,52,43,60,50,65,1
#005,Charmeleon,Fire,,,,Charmeleon,58,64,58,80,65,80,1
#006,Charizard,Fire,Flying,,,Charizard,78,84,78,109,85,100,1
#007,Squirtle,Water,,,,Squirtle,44,48,65,50,64,43,1
#008,Wartortle,Water,,,,Wartortle,59,63,80,65,80,58,1
#009,Blastoise,Water,,,,Blastoise,79,83,100,85,105,78,1
#010,Caterpie,Bug,,,,Caterpie,45,30,35,20,20,45,1
#011,Metapod,Bug,,,,Metapod,50,20,55,25,25,30,1
#012,Butterfree,Bug,Flying,,,Butterfree,60,45,50,90,80,70,1
#013,Weedle,Bug,Poison,,,Weedle,40,35,30,20,20,50,1
#014,Kakuna,Bug,Poison,,,Kakuna,45,25,50,25,25,35,1
#015,Beedrill,Bug,Poison,,,Beedrill,65,90,40,45,80,75,1
#016,Pidgey,Normal,Flying,,,Pidgey,40,45,40,35,35,56,1
#017,Pidgeotto,Normal,Flying,,,Pidgeotto,63,60,55,50,50,71,1
#018,Pidgeot,Normal,Flying,,,Pidgeot,83,80,75,70,70,101,1
#019,Rattata,Normal,,Normal,Dark,Rattata,30,56,35,25,35,72,1
#020,Raticate,Normal,,Normal,Dark,Raticate,55,81,60,50,70,97,1
#021,Spearow,Normal,Flying,,,Spearow,40,60,30,31,31,70,1
#022,Fearow,Normal,Flying,,,Fearow,65,90,65,61,61,100,1
#023,Ekans,Poison,,,,Ekans,35,60,44,40,54,55,1
#024,Arbok,Poison,,,,Arbok,60,95,69,65,79,80,1
#025,PikachuN,Electric,,,,Pikachu,35,55,40,50,50,90,1
#025,PikachuC,Electric,,,,Pikachu,35,55,40,50,50,90,1
#025,PikachuP,Electric,,,,Pikachu,45,80,50,75,60,120,7
#026,Raichu,Electric,,Electric,Psychic,Raichu,60,90,55,90,80,110,1
#027,Sandshrew,Ground,,Ice,Steel,Sandshrew,50,75,85,20,30,40,1
#028,Sandslash,Ground,,Ice,Steel,Sandslash,75,100,110,45,55,65,1
#029,NidoranF,Poison,,,,Nidoran,55,47,52,40,40,41,1
#030,Nidorina,Poison,,,,Nidorina,70,62,67,55,55,56,1
#031,Nidoqueen,Poison,Ground,,,Nidoqueen,90,92,87,75,85,76,1
#032,NidoranM,Poison,,,,Nidoran,46,57,40,40,40,50,1
#033,Nidorino,Poison,,,,Nidorino,61,72,57,55,55,65,1
#034,Nidoking,Poison,Ground,,,Nidoking,81,102,77,85,75,85,1
#035,Clefairy,Fairy,,,,Clefairy,70,45,48,60,65,35,1
#036,Clefable,Fairy,,,,Clefable,95,70,73,95,90,60,1
#037,Vulpix,Fire,,Ice,,Vulpix,38,41,40,50,65,65,1
#038,Ninetales,Fire,,Ice,Fairy,Ninetales,73,76,75,81,100,100,1
#039,Jigglypuff,Normal,Fairy,,,Jigglypuff,115,45,20,45,25,20,1
#040,Wigglytuff,Normal,Fairy,,,Wigglytuff,140,70,45,85,50,45,1
#041,Zubat,Poison,Flying,,,Zubat,40,45,35,30,40,55,1
#042,Golbat,Poison,Flying,,,Golbat,75,80,70,65,75,90,1
#043,Oddish,Grass,Poison,,,Oddish,45,50,55,75,65,30,1
#044,Gloom,Grass,Poison,,,Gloom,60,65,70,85,75,40,1
#045,Vileplume,Grass,Poison,,,Vileplume,75,80,85,110,90,50,1
#046,Paras,Bug,Grass,,,Paras,35,70,55,45,55,25,1
#047,Parasect,Bug,Grass,,,Parasect,60,95,80,60,80,30,1
#048,Venonat,Bug,Poison,,,Venonat,60,55,50,40,55,45,1
#049,Venomoth,Bug,Poison,,,Venomoth,70,65,60,90,75,90,1
#050,Diglett,Ground,,Ground,Steel,Diglett,10,55,25,35,45,95,1
#051,Dugtrio,Ground,,Ground,Steel,Dugtrio,35,100,50,50,70,120,1
#052,Meowth,Normal,,Dark,,Meowth,40,45,35,40,40,90,1
#053,Persian,Normal,,Dark,,Persian,65,70,60,65,65,115,1
#054,Psyduck,Water,,,,Psyduck,50,52,48,65,50,55,1
#055,Golduck,Water,,,,Golduck,80,82,78,95,80,85,1
#056,Mankey,Fighting,,,,Mankey,40,80,35,35,45,70,1
#057,Primeape,Fighting,,,,Primeape,65,105,60,60,70,95,1
#058,Growlithe,Fire,,,,Growlithe,55,70,45,70,50,60,1
#059,Arcanine,Fire,,,,Arcanine,90,110,80,100,80,95,1
#060,Poliwag,Water,,,,Poliwag,40,50,40,40,40,90,1
#061,Poliwhirl,Water,,,,Poliwhirl,65,65,65,50,50,90,1
#062,Poliwrath,Water,Fighting,,,Poliwrath,90,95,95,70,90,70,1
#063,Abra,Psychic,,,,Abra,25,20,15,105,55,90,1
#064,Kadabra,Psychic,,,,Kadabra,40,35,30,120,70,105,1
#065,Alakazam,Psychic,,,,Alakazam,55,50,45,135,95,120,1
#066,Machop,Fighting,,,,Machop,70,80,50,35,35,35,1
#067,Machoke,Fighting,,,,Machoke,80,100,70,50,60,45,1
#068,Machamp,Fighting,,,,Machamp,90,130,80,65,85,55,1
#069,Bellsprout,Grass,Poison,,,Bellsprout,50,75,35,70,30,40,1
#070,Weepinbell,Grass,Poison,,,Weepinbell,65,90,50,85,45,55,1
#071,Victreebel,Grass,Poison,,,Victreebel,80,105,65,100,70,70,1
#072,Tentacool,Water,Poison,,,Tentacool,40,40,35,50,100,70,1
#073,Tentacruel,Water,Poison,,,Tentacruel,80,70,65,80,120,100,1
#074,Geodude,Rock,Ground,Rock,Electric,Geodude,40,80,100,30,30,20,1
#075,Graveler,Rock,Ground,Rock,Electric,Graveler,55,95,115,45,45,35,1
#076,Golem,Rock,Ground,Rock,Electric,Golem,80,120,130,55,65,45,1
#077,Ponyta,Fire,,,,Ponyta,50,85,55,65,65,90,1
#078,Rapidash,Fire,,,,Rapidash,65,100,70,80,80,105,1
#079,Slowpoke,Water,Psychic,,,Slowpoke,90,65,65,40,40,15,1
#080,Slowbro,Water,Psychic,,,Slowbro,95,75,110,100,80,30,1
#081,Magnemite,Electric,Steel,,,Magnemite,25,35,70,95,55,45,1
#082,Magneton,Electric,Steel,,,Magneton,50,60,95,120,70,70,1
#083,Farfetch'd,Normal,Flying,,,Farfetch'd,52,90,55,58,62,60,1
#084,Doduo,Normal,Flying,,,Doduo,35,85,45,35,35,75,1
#085,Dodrio,Normal,Flying,,,Dodrio,60,110,70,60,60,110,1
#086,Seel,Water,,,,Seel,65,45,55,45,70,45,1
#087,Dewgong,Water,Ice,,,Dewgong,90,70,80,70,95,70,1
#088,Grimer,Poison,,Poison,Dark,Grimer,80,80,50,40,50,25,1
#089,Muk,Poison,,Poison,Dark,Muk,105,105,75,65,100,50,1
#090,Shellder,Water,,,,Shellder,30,65,100,45,25,40,1
#091,Cloyster,Water,Ice,,,Cloyster,50,95,180,85,45,70,1
#092,Gastly,Ghost,Poison,,,Gastly,30,35,30,100,35,80,1
#093,Haunter,Ghost,Poison,,,Haunter,45,50,45,115,55,95,1
#094,Gengar,Ghost,Poison,,,Gengar,60,65,60,130,75,110,1
#095,Onix,Rock,Ground,,,Onix,35,45,160,30,45,70,1
#096,Drowzee,Psychic,,,,Drowzee,60,48,45,43,90,42,1
#097,Hypno,Psychic,,,,Hypno,85,73,70,73,115,67,1
#098,Krabby,Water,,,,Krabby,30,105,90,25,25,50,1
#099,Kingler,Water,,,,Kingler,55,130,115,50,50,75,1
#100,Voltorb,Electric,,,,Voltorb,40,30,50,55,55,100,1
#101,Electrode,Electric,,,,Electrode,60,50,70,80,80,150,1
#102,Exeggcute,Grass,Psychic,,,Exeggcute,60,40,80,60,45,40,1
#103,Exeggutor,Grass,Psychic,Grass,Dragon,Exeggutor,95,95,85,125,75,55,1
#104,Cubone,Ground,,,,Cubone,50,50,95,40,50,35,1
#105,Marowak,Ground,,Fire,Ghost,Marowak,60,80,110,50,80,45,1
#106,Hitmonlee,Fighting,,,,Hitmonlee,50,120,53,35,110,87,1
#107,Hitmonchan,Fighting,,,,Hitmonchan,50,105,79,35,110,76,1
#108,Lickitung,Normal,,,,Lickitung,90,55,75,60,75,30,1
#109,Koffing,Poison,,,,Koffing,40,65,95,60,45,35,1
#110,Weezing,Poison,,,,Weezing,65,90,120,85,70,60,1
#111,Rhyhorn,Ground,Rock,,,Rhyhorn,80,85,95,30,30,25,1
#112,Rhydon,Ground,Rock,,,Rhydon,105,130,120,45,45,40,1
#113,Chansey,Normal,,,,Chansey,250,5,5,35,105,50,1
#114,Tangela,Grass,,,,Tangela,65,55,115,100,40,60,1
#115,Kangaskhan,Normal,,,,Kangaskhan,105,95,80,40,80,90,1
#116,Horsea,Water,,,,Horsea,30,40,70,70,25,60,1
#117,Seadra,Water,,,,Seadra,55,65,95,95,45,85,1
#118,Goldeen,Water,,,,Goldeen,45,67,60,35,50,63,1
#119,Seaking,Water,,,,Seaking,80,92,65,65,80,68,1
#120,Staryu,Water,,,,Staryu,30,45,55,70,55,85,1
#121,Starmie,Water,Psychic,,,Starmie,60,75,85,100,85,115,1
#122,Mr. Mime,Psychic,Fairy,,,Mr. Mime,40,45,65,100,120,90,1
#123,Scyther,Bug,Flying,,,Scyther,70,110,80,55,80,105,1
#124,Jynx,Ice,Psychic,,,Jynx,65,50,35,115,95,95,1
#125,Electabuzz,Electric,,,,Electabuzz,65,83,57,95,85,105,1
#126,Magmar,Fire,,,,Magmar,65,95,57,100,85,93,1
#127,Pinsir,Bug,,,,Pinsir,65,125,100,55,70,85,1
#128,Tauros,Normal,,,,Tauros,75,100,95,40,70,110,1
#129,Magikarp,Water,,,,Magikarp,20,10,55,15,20,80,1
#130,Gyarados,Water,Flying,,,Gyarados,95,125,79,60,100,81,1
#131,Lapras,Water,Ice,,,Lapras,130,85,80,85,95,60,1
#132,Ditto,Normal,,,,Ditto,48,48,48,48,48,48,1
#133,EeveeN,Normal,,,,Eevee,55,55,50,45,65,55,1
#133,EeveeP,Normal,,,,Eevee,65,75,70,65,85,75,7
#134,Vaporeon,Water,,,,Vaporeon,130,65,60,110,95,65,1
#135,Jolteon,Electric,,,,Jolteon,65,65,60,110,95,130,1
#136,Flareon,Fire,,,,Flareon,65,130,60,95,110,65,1
#137,Porygon,Normal,,,,Porygon,65,60,70,85,75,40,1
#138,Omanyte,Rock,Water,,,Omanyte,35,40,100,90,55,35,1
#139,Omastar,Rock,Water,,,Omastar,70,60,125,115,70,55,1
#140,Kabuto,Rock,Water,,,Kabuto,30,80,90,55,45,55,1
#141,Kabutops,Rock,Water,,,Kabutops,60,115,105,65,70,80,1
#142,Aerodactyl,Rock,Flying,,,Aerodactyl,80,105,65,60,75,130,1
#143,Snorlax,Normal,,,,Snorlax,160,110,65,65,110,30,1
#144,Articuno,Ice,Flying,,,Articuno,90,85,100,95,125,85,1
#145,Zapdos,Electric,Flying,,,Zapdos,90,90,85,125,90,100,1
#146,Moltres,Fire,Flying,,,Moltres,90,100,90,125,85,90,1
#147,Dratini,Dragon,,,,Dratini,41,64,45,50,50,50,1
#148,Dragonair,Dragon,,,,Dragonair,61,84,65,70,70,70,1
#149,Dragonite,Dragon,Flying,,,Dragonite,91,134,95,100,100,80,1
#150,Mewtwo,Psychic,,,,Mewtwo,106,110,90,154,90,130,1
#151,Mew,Psychic,,,,Mew,100,100,100,100,100,100,1
#152,Chikorita,Grass,,,,Chikorita,45,49,65,49,65,45,2
#153,Bayleef,Grass,,,,Bayleef,60,62,80,63,80,60,2
#154,Meganium,Grass,,,,Meganium,80,82,100,83,100,80,2
#155,Cyndaquil,Fire,,,,Cyndaquil,39,52,43,60,50,65,2
#156,Quilava,Fire,,,,Quilava,58,64,58,80,65,80,2
#157,Typhlosion,Fire,,,,Typhlosion,78,84,78,109,85,100,2
#158,Totodile,Water,,,,Totodile,50,65,64,44,48,43,2
#159,Croconaw,Water,,,,Croconaw,65,80,80,59,63,58,2
#160,Feraligatr,Water,,,,Feraligatr,85,105,100,79,83,78,2
#161,Sentret,Normal,,,,Sentret,35,46,34,35,45,20,2
#162,Furret,Normal,,,,Furret,85,76,64,45,55,90,2
#163,Hoothoot,Normal,Flying,,,Hoothoot,60,30,30,36,56,50,2
#164,Noctowl,Normal,Flying,,,Noctowl,100,50,50,86,96,70,2
#165,Ledyba,Bug,Flying,,,Ledyba,40,20,30,40,80,55,2
#166,Ledian,Bug,Flying,,,Ledian,55,35,50,55,110,85,2
#167,Spinarak,Bug,Poison,,,Spinarak,40,60,40,40,40,30,2
#168,Ariados,Bug,Poison,,,Ariados,70,90,70,60,70,40,2
#169,Crobat,Poison,Flying,,,Crobat,85,90,80,70,80,130,2
#170,Chinchou,Water,Electric,,,Chinchou,75,38,38,56,56,67,2
#171,Lanturn,Water,Electric,,,Lanturn,125,58,58,76,76,67,2
#172,Pichu,Electric,,,,Pichu,20,40,15,35,35,60,2
#173,Cleffa,Fairy,,,,Cleffa,50,25,28,45,55,15,2
#174,Igglybuff,Normal,Fairy,,,Igglybuff,90,30,15,40,20,15,2
#175,Togepi,Fairy,,,,Togepi,35,20,65,40,65,20,2
#176,Togetic,Fairy,Flying,,,Togetic,55,40,85,80,105,40,2
#177,Natu,Psychic,Flying,,,Natu,40,50,45,70,45,70,2
#178,Xatu,Psychic,Flying,,,Xatu,65,75,70,95,70,95,2
#179,Mareep,Electric,,,,Mareep,55,40,40,65,45,35,2
#180,Flaaffy,Electric,,,,Flaaffy,70,55,55,80,60,45,2
#181,Ampharos,Electric,,,,Ampharos,90,75,85,115,90,55,2
#182,Bellossom,Grass,,,,Bellossom,75,80,95,90,100,50,2
#183,Marill,Water,Fairy,,,Marill,70,20,50,20,50,40,2
#184,Azumarill,Water,Fairy,,,Azumarill,100,50,80,60,80,50,2
#185,Sudowoodo,Rock,,,,Sudowoodo,70,100,115,30,65,30,2
#186,Politoed,Water,,,,Politoed,90,75,75,90,100,70,2
#187,Hoppip,Grass,Flying,,,Hoppip,35,35,40,35,55,50,2
#188,Skiploom,Grass,Flying,,,Skiploom,55,45,50,45,65,80,2
#189,Jumpluff,Grass,Flying,,,Jumpluff,75,55,70,55,95,110,2
#190,Aipom,Normal,,,,Aipom,55,70,55,40,55,85,2
#191,Sunkern,Grass,,,,Sunkern,30,30,30,30,30,30,2
#192,Sunflora,Grass,,,,Sunflora,75,75,55,105,85,30,2
#193,Yanma,Bug,Flying,,,Yanma,65,65,45,75,45,95,2
#194,Wooper,Water,Ground,,,Wooper,55,45,45,25,25,15,2
#195,Quagsire,Water,Ground,,,Quagsire,95,85,85,65,65,35,2
#196,Espeon,Psychic,,,,Espeon,65,65,60,130,95,110,2
#197,Umbreon,Dark,,,,Umbreon,95,65,110,60,130,65,2
#198,Murkrow,Dark,Flying,,,Murkrow,60,85,42,85,42,91,2
#199,Slowking,Water,Psychic,,,Slowking,95,75,80,100,110,30,2
#200,Misdreavus,Ghost,,,,Misdreavus,60,60,60,85,85,85,2
#201,Unown,Psychic,,,,Unown,48,72,48,72,48,48,2
#202,Wobbuffet,Psychic,,,,Wobbuffet,190,33,58,33,58,33,2
#203,Girafarig,Normal,Psychic,,,Girafarig,70,80,65,90,65,85,2
#204,Pineco,Bug,,,,Pineco,50,65,90,35,35,15,2
#205,Forretress,Bug,Steel,,,Forretress,75,90,140,60,60,40,2
#206,Dunsparce,Normal,,,,Dunsparce,100,70,70,65,65,45,2
#207,Gligar,Ground,Flying,,,Gligar,65,75,105,35,65,85,2
#208,Steelix,Steel,Ground,,,Steelix,75,85,200,55,65,30,2
#209,Snubbull,Fairy,,,,Snubbull,60,80,50,40,40,30,2
#210,Granbull,Fairy,,,,Granbull,90,120,75,60,60,45,2
#211,Qwilfish,Water,Poison,,,Qwilfish,65,95,85,55,55,85,2
#212,Scizor,Bug,Steel,,,Scizor,70,130,100,55,80,65,2
#213,Shuckle,Bug,Rock,,,Shuckle,20,10,230,10,230,5,2
#214,Heracross,Bug,Fighting,,,Heracross,80,125,75,40,95,85,2
#215,Sneasel,Dark,Ice,,,Sneasel,55,95,55,35,75,115,2
#216,Teddiursa,Normal,,,,Teddiursa,60,80,50,50,50,40,2
#217,Ursaring,Normal,,,,Ursaring,90,130,75,75,75,55,2
#218,Slugma,Fire,,,,Slugma,40,40,40,70,40,20,2
#219,Magcargo,Fire,Rock,,,Magcargo,60,50,120,90,80,30,2
#220,Swinub,Ice,Ground,,,Swinub,50,50,40,30,30,50,2
#221,Piloswine,Ice,Ground,,,Piloswine,100,100,80,60,60,50,2
#222,Corsola,Water,Rock,,,Corsola,65,55,95,65,95,35,2
#223,Remoraid,Water,,,,Remoraid,35,65,35,65,35,65,2
#224,Octillery,Water,,,,Octillery,75,105,75,105,75,45,2
#225,Delibird,Ice,Flying,,,Delibird,45,55,45,65,45,75,2
#226,Mantine,Water,Flying,,,Mantine,85,40,70,80,140,70,2
#227,Skarmory,Steel,Flying,,,Skarmory,65,80,140,40,70,70,2
#228,Houndour,Dark,Fire,,,Houndour,45,60,30,80,50,65,2
#229,Houndoom,Dark,Fire,,,Houndoom,75,90,50,110,80,95,2
#230,Kingdra,Water,Dragon,,,Kingdra,75,95,95,95,95,85,2
#231,Phanpy,Ground,,,,Phanpy,90,60,60,40,40,40,2
#232,Donphan,Ground,,,,Donphan,90,120,120,60,60,50,2
#233,Porygon2,Normal,,,,Porygon2,85,80,90,105,95,60,2
#234,Stantler,Normal,,,,Stantler,73,95,62,85,65,85,2
#235,Smeargle,Normal,,,,Smeargle,55,20,35,20,45,75,2
#236,Tyrogue,Fighting,,,,Tyrogue,35,35,35,35,35,35,2
#237,Hitmontop,Fighting,,,,Hitmontop,50,95,95,35,110,70,2
#238,Smoochum,Ice,Psychic,,,Smoochum,45,30,15,85,65,65,2
#239,Elekid,Electric,,,,Elekid,45,63,37,65,55,95,2
#240,Magby,Fire,,,,Magby,45,75,37,70,55,83,2
#241,Miltank,Normal,,,,Miltank,95,80,105,40,70,100,2
#242,Blissey,Normal,,,,Blissey,255,10,10,75,135,55,2
#243,Raikou,Electric,,,,Raikou,90,85,75,115,100,115,2
#244,Entei,Fire,,,,Entei,115,115,85,90,75,100,2
#245,Suicune,Water,,,,Suicune,100,75,115,90,115,85,2
#246,Larvitar,Rock,Ground,,,Larvitar,50,64,50,45,50,41,2
#247,Pupitar,Rock,Ground,,,Pupitar,70,84,70,65,70,51,2
#248,Tyranitar,Rock,Dark,,,Tyranitar,100,134,110,95,100,61,2
#249,Lugia,Psychic,Flying,,,Lugia,106,90,130,90,154,110,2
#250,Ho-Oh,Fire,Flying,,,Ho-Oh,106,130,90,110,154,90,2
#251,Celebi,Psychic,Grass,,,Celebi,100,100,100,100,100,100,2
#252,Treecko,Grass,,,,Treecko,40,45,35,65,55,70,3
#253,Grovyle,Grass,,,,Grovyle,50,65,45,85,65,95,3
#254,Sceptile,Grass,,,,Sceptile,70,85,65,105,85,120,3
#255,Torchic,Fire,,,,Torchic,45,60,40,70,50,45,3
#256,Combusken,Fire,Fighting,,,Combusken,60,85,60,85,60,55,3
#257,Blaziken,Fire,Fighting,,,Blaziken,80,120,70,110,70,80,3
#258,Mudkip,Water,,,,Mudkip,50,70,50,50,50,40,3
#259,Marshtomp,Water,Ground,,,Marshtomp,70,85,70,60,70,50,3
#260,Swampert,Water,Ground,,,Swampert,100,110,90,85,90,60,3
#261,Poochyena,Dark,,,,Poochyena,35,55,35,30,30,35,3
#262,Mightyena,Dark,,,,Mightyena,70,90,70,60,60,70,3
#263,Zigzagoon,Normal,,,,Zigzagoon,38,30,41,30,41,60,3
#264,Linoone,Normal,,,,Linoone,78,70,61,50,61,100,3
#265,Wurmple,Bug,,,,Wurmple,45,45,35,20,30,20,3
#266,Silcoon,Bug,,,,Silcoon,50,35,55,25,25,15,3
#267,Beautifly,Bug,Flying,,,Beautifly,60,70,50,100,50,65,3
#268,Cascoon,Bug,,,,Cascoon,50,35,55,25,25,15,3
#269,Dustox,Bug,Poison,,,Dustox,60,50,70,50,90,65,3
#270,Lotad,Water,Grass,,,Lotad,40,30,30,40,50,30,3
#271,Lombre,Water,Grass,,,Lombre,60,50,50,60,70,50,3
#272,Ludicolo,Water,Grass,,,Ludicolo,80,70,70,90,100,70,3
#273,Seedot,Grass,,,,Seedot,40,40,50,30,30,30,3
#274,Nuzleaf,Grass,Dark,,,Nuzleaf,70,70,40,60,40,60,3
#275,Shiftry,Grass,Dark,,,Shiftry,90,100,60,90,60,80,3
#276,Taillow,Normal,Flying,,,Taillow,40,55,30,30,30,85,3
#277,Swellow,Normal,Flying,,,Swellow,60,85,60,75,50,125,3
#278,Wingull,Water,Flying,,,Wingull,40,30,30,55,30,85,3
#279,Pelipper,Water,Flying,,,Pelipper,60,50,100,95,70,65,3
#280,Ralts,Psychic,Fairy,,,Ralts,28,25,25,45,35,40,3
#281,Kirlia,Psychic,Fairy,,,Kirlia,38,35,35,65,55,50,3
#282,Gardevoir,Psychic,Fairy,,,Gardevoir,68,65,65,125,115,80,3
#283,Surskit,Bug,Water,,,Surskit,40,30,32,50,52,65,3
#284,Masquerain,Bug,Flying,,,Masquerain,70,60,62,100,82,80,3
#285,Shroomish,Grass,,,,Shroomish,60,40,60,40,60,35,3
#286,Breloom,Grass,Fighting,,,Breloom,60,130,80,60,60,70,3
#287,Slakoth,Normal,,,,Slakoth,60,60,60,35,35,30,3
#288,Vigoroth,Normal,,,,Vigoroth,80,80,80,55,55,90,3
#289,Slaking,Normal,,,,Slaking,150,160,100,95,65,100,3
#290,Nincada,Bug,Ground,,,Nincada,31,45,90,30,30,40,3
#291,Ninjask,Bug,Flying,,,Ninjask,61,90,45,50,50,160,3
#292,Shedinja,Bug,Ghost,,,Shedinja,1,90,45,30,30,40,3
#293,Whismur,Normal,,,,Whismur,64,51,23,51,23,28,3
#294,Loudred,Normal,,,,Loudred,84,71,43,71,43,48,3
#295,Exploud,Normal,,,,Exploud,104,91,63,91,73,68,3
#296,Makuhita,Fighting,,,,Makuhita,72,60,30,20,30,25,3
#297,Hariyama,Fighting,,,,Hariyama,144,120,60,40,60,50,3
#298,Azurill,Normal,Fairy,,,Azurill,50,20,40,20,40,20,3
#299,Nosepass,Rock,,,,Nosepass,30,45,135,45,90,30,3
#300,Skitty,Normal,,,,Skitty,50,45,45,35,35,50,3
#301,Delcatty,Normal,,,,Delcatty,70,65,65,55,55,90,3
#302,Sableye,Dark,Ghost,,,Sableye,50,75,75,65,65,50,3
#303,Mawile,Steel,Fairy,,,Mawile,50,85,85,55,55,50,3
#304,Aron,Steel,Rock,,,Aron,50,70,100,40,40,30,3
#305,Lairon,Steel,Rock,,,Lairon,60,90,140,50,50,40,3
#306,Aggron,Steel,Rock,,,Aggron,70,110,180,60,60,50,3
#307,Meditite,Fighting,Psychic,,,Meditite,30,40,55,40,55,60,3
#308,Medicham,Fighting,Psychic,,,Medicham,60,60,75,60,75,80,3
#309,Electrike,Electric,,,,Electrike,40,45,40,65,40,65,3
#310,Manectric,Electric,,,,Manectric,70,75,60,105,60,105,3
#311,Plusle,Electric,,,,Plusle,60,50,40,85,75,95,3
#312,Minun,Electric,,,,Minun,60,40,50,75,85,95,3
#313,Volbeat,Bug,,,,Volbeat,65,73,75,47,85,85,3
#314,Illumise,Bug,,,,Illumise,65,47,75,73,85,85,3
#315,Roselia,Grass,Poison,,,Roselia,50,60,45,100,80,65,3
#316,Gulpin,Poison,,,,Gulpin,70,43,53,43,53,40,3
#317,Swalot,Poison,,,,Swalot,100,73,83,73,83,55,3
#318,Carvanha,Water,Dark,,,Carvanha,45,90,20,65,20,65,3
#319,Sharpedo,Water,Dark,,,Sharpedo,70,120,40,95,40,95,3
#320,Wailmer,Water,,,,Wailmer,130,70,35,70,35,60,3
#321,Wailord,Water,,,,Wailord,170,90,45,90,45,60,3
#322,Numel,Fire,Ground,,,Numel,60,60,40,65,45,35,3
#323,Camerupt,Fire,Ground,,,Camerupt,70,100,70,105,75,40,3
#324,Torkoal,Fire,,,,Torkoal,70,85,140,85,70,20,3
#325,Spoink,Psychic,,,,Spoink,60,25,35,70,80,60,3
#326,Grumpig,Psychic,,,,Grumpig,80,45,65,90,110,80,3
#327,Spinda,Normal,,,,Spinda,60,60,60,60,60,60,3
#328,Trapinch,Ground,,,,Trapinch,45,100,45,45,45,10,3
#329,Vibrava,Ground,Dragon,,,Vibrava,50,70,50,50,50,70,3
#330,Flygon,Ground,Dragon,,,Flygon,80,100,80,80,80,100,3
#331,Cacnea,Grass,,,,Cacnea,50,85,40,85,40,35,3
#332,Cacturne,Grass,Dark,,,Cacturne,70,115,60,115,60,55,3
#333,Swablu,Normal,Flying,,,Swablu,45,40,60,40,75,50,3
#334,Altaria,Dragon,Flying,,,Altaria,75,70,90,70,105,80,3
#335,Zangoose,Normal,,,,Zangoose,73,115,60,60,60,90,3
#336,Seviper,Poison,,,,Seviper,73,100,60,100,60,65,3
#337,Lunatone,Rock,Psychic,,,Lunatone,90,55,65,95,85,70,3
#338,Solrock,Rock,Psychic,,,Solrock,90,95,85,55,65,70,3
#339,Barboach,Water,Ground,,,Barboach,50,48,43,46,41,60,3
#340,Whiscash,Water,Ground,,,Whiscash,110,78,73,76,71,60,3
#341,Corphish,Water,,,,Corphish,43,80,65,50,35,35,3
#342,Crawdaunt,Water,Dark,,,Crawdaunt,63,120,85,90,55,55,3
#343,Baltoy,Ground,Psychic,,,Baltoy,40,40,55,40,70,55,3
#344,Claydol,Ground,Psychic,,,Claydol,60,70,105,70,120,75,3
#345,Lileep,Rock,Grass,,,Lileep,66,41,77,61,87,23,3
#346,Cradily,Rock,Grass,,,Cradily,86,81,97,81,107,43,3
#347,Anorith,Rock,Bug,,,Anorith,45,95,50,40,50,75,3
#348,Armaldo,Rock,Bug,,,Armaldo,75,125,100,70,80,45,3
#349,Feebas,Water,,,,Feebas,20,15,20,10,55,80,3
#350,Milotic,Water,,,,Milotic,95,60,79,100,125,81,3
#351,Castform,Normal,,,,Castform,70,70,70,70,70,70,3
#351,CastformSu,Fire,,,,Castform,70,70,70,70,70,70,3
#351,CastformRa,Water,,,,Castform,70,70,70,70,70,70,3
#351,CastformSn,Ice,,,,Castform,70,70,70,70,70,70,3
#352,Kecleon,Normal,,,,Kecleon,60,90,70,60,120,40,3
#353,Shuppet,Ghost,,,,Shuppet,44,75,35,63,33,45,3
#354,Banette,Ghost,,,,Banette,64,115,65,83,63,65,3
#355,Duskull,Ghost,,,,Duskull,20,40,90,30,90,25,3
#356,Dusclops,Ghost,,,,Dusclops,40,70,130,60,130,25,3
#357,Tropius,Grass,Flying,,,Tropius,99,68,83,72,87,51,3
#358,Chimecho,Psychic,,,,Chimecho,75,50,80,95,90,65,3
#359,Absol,Dark,,,,Absol,65,130,60,75,60,75,3
#360,Wynaut,Psychic,,,,Wynaut,95,23,48,23,48,23,3
#361,Snorunt,Ice,,,,Snorunt,50,50,50,50,50,50,3
#362,Glalie,Ice,,,,Glalie,80,80,80,80,80,80,3
#363,Spheal,Ice,Water,,,Spheal,70,40,50,55,50,25,3
#364,Sealeo,Ice,Water,,,Sealeo,90,60,70,75,70,45,3
#365,Walrein,Ice,Water,,,Walrein,110,80,90,95,90,65,3
#366,Clamperl,Water,,,,Clamperl,35,64,85,74,55,32,3
#367,Huntail,Water,,,,Huntail,55,104,105,94,75,52,3
#368,Gorebyss,Water,,,,Gorebyss,55,84,105,114,75,52,3
#369,Relicanth,Water,Rock,,,Relicanth,100,90,130,45,65,55,3
#370,Luvdisc,Water,,,,Luvdisc,43,30,55,40,65,97,3
#371,Bagon,Dragon,,,,Bagon,45,75,60,40,30,50,3
#372,Shelgon,Dragon,,,,Shelgon,65,95,100,60,50,50,3
#373,Salamence,Dragon,Flying,,,Salamence,95,135,80,110,80,100,3
#374,Beldum,Steel,Psychic,,,Beldum,40,55,80,35,60,30,3
#375,Metang,Steel,Psychic,,,Metang,60,75,100,55,80,50,3
#376,Metagross,Steel,Psychic,,,Metagross,80,135,130,95,90,70,3
#377,Regirock,Rock,,,,Regirock,80,100,200,50,100,50,3
#378,Regice,Ice,,,,Regice,80,50,100,100,200,50,3
#379,Registeel,Steel,,,,Registeel,80,75,150,75,150,50,3
#380,Latias,Dragon,Psychic,,,Latias,80,80,90,110,130,110,3
#381,Latios,Dragon,Psychic,,,Latios,80,90,80,130,110,110,3
#382,Kyogre,Water,,,,Kyogre,100,100,90,150,140,90,3
#383,Groudon,Ground,,,,Groudon,100,150,140,100,90,90,3
#384,Rayquaza,Dragon,Flying,,,Rayquaza,105,150,90,150,90,95,3
#385,Jirachi,Steel,Psychic,,,Jirachi,100,100,100,100,100,100,3
#386,DeoxysN,Psychic,,,,Deoxys,50,150,50,150,50,150,3
#386,DeoxysA,Psychic,,,,Deoxys,50,180,20,180,20,150,3
#386,DeoxysD,Psychic,,,,Deoxys,50,70,160,70,160,90,3
#386,DeoxysS,Psychic,,,,Deoxys,50,95,90,95,90,180,3
#387,Turtwig,Grass,,,,Turtwig,55,68,64,45,55,31,4
#388,Grotle,Grass,,,,Grotle,75,89,85,55,65,36,4
#389,Torterra,Grass,Ground,,,Torterra,95,109,105,75,85,56,4
#390,Chimchar,Fire,,,,Chimchar,44,58,44,58,44,61,4
#391,Monferno,Fire,Fighting,,,Monferno,64,78,52,78,52,81,4
#392,Infernape,Fire,Fighting,,,Infernape,76,104,71,104,71,108,4
#393,Piplup,Water,,,,Piplup,53,51,53,61,56,40,4
#394,Prinplup,Water,,,,Prinplup,64,66,68,81,76,50,4
#395,Empoleon,Water,Steel,,,Empoleon,84,86,88,111,101,60,4
#396,Starly,Normal,Flying,,,Starly,40,55,30,30,30,60,4
#397,Staravia,Normal,Flying,,,Staravia,55,75,50,40,40,80,4
#398,Staraptor,Normal,Flying,,,Staraptor,85,120,70,50,60,100,4
#399,Bidoof,Normal,,,,Bidoof,59,45,40,35,40,31,4
#400,Bibarel,Normal,Water,,,Bibarel,79,85,60,55,60,71,4
#401,Kricketot,Bug,,,,Kricketot,37,25,41,25,41,25,4
#402,Kricketune,Bug,,,,Kricketune,77,85,51,55,51,65,4
#403,Shinx,Electric,,,,Shinx,45,65,34,40,34,45,4
#404,Luxio,Electric,,,,Luxio,60,85,49,60,49,60,4
#405,Luxray,Electric,,,,Luxray,80,120,79,95,79,70,4
#406,Budew,Grass,Poison,,,Budew,40,30,35,50,70,55,4
#407,Roserade,Grass,Poison,,,Roserade,60,70,65,125,105,90,4
#408,Cranidos,Rock,,,,Cranidos,67,125,40,30,30,58,4
#409,Rampardos,Rock,,,,Rampardos,97,165,60,65,50,58,4
#410,Shieldon,Rock,Steel,,,Shieldon,30,42,118,42,88,30,4
#411,Bastiodon,Rock,Steel,,,Bastiodon,60,52,168,47,138,30,4
#412,Burmy,Bug,,,,Burmy,40,29,45,29,45,36,4
#413,WormadamP,Bug,Grass,,,Wormadam,60,59,85,79,105,36,4
#413,WormadamS,Bug,Ground,,,Wormadam,60,79,105,59,85,36,4
#413,WormadamT,Bug,Steel,,,Wormadam,60,69,95,69,95,36,4
#414,Mothim,Bug,Flying,,,Mothim,70,94,50,94,50,66,4
#415,Combee,Bug,Flying,,,Combee,30,30,42,30,42,70,4
#416,Vespiquen,Bug,Flying,,,Vespiquen,70,80,102,80,102,40,4
#417,Pachirisu,Electric,,,,Pachirisu,60,45,70,45,90,95,4
#418,Buizel,Water,,,,Buizel,55,65,35,60,30,85,4
#419,Floatzel,Water,,,,Floatzel,85,105,55,85,50,115,4
#420,Cherubi,Grass,,,,Cherubi,45,35,45,62,53,35,4
#421,Cherrim,Grass,,,,Cherrim,70,60,70,87,78,85,4
#422,ShellosW,Water,,,,Shellos,76,48,48,57,62,34,4
#423,Gastrodon,Water,Ground,,,Gastrodon,111,83,68,92,82,39,4
#424,Ambipom,Normal,,,,Ambipom,75,100,66,60,66,115,4
#425,Drifloon,Ghost,Flying,,,Drifloon,90,50,34,60,44,70,4
#426,Drifblim,Ghost,Flying,,,Drifblim,150,80,44,90,54,80,4
#427,Buneary,Normal,,,,Buneary,55,66,44,44,56,85,4
#428,Lopunny,Normal,,,,Lopunny,65,76,84,54,96,105,4
#429,Mismagius,Ghost,,,,Mismagius,60,60,60,105,105,105,4
#430,Honchkrow,Dark,Flying,,,Honchkrow,100,125,52,105,52,71,4
#431,Glameow,Normal,,,,Glameow,49,55,42,42,37,85,4
#432,Purugly,Normal,,,,Purugly,71,82,64,64,59,112,4
#433,Chingling,Psychic,,,,Chingling,45,30,50,65,50,45,4
#434,Stunky,Poison,Dark,,,Stunky,63,63,47,41,41,74,4
#435,Skuntank,Poison,Dark,,,Skuntank,103,93,67,71,61,84,4
#436,Bronzor,Steel,Psychic,,,Bronzor,57,24,86,24,86,23,4
#437,Bronzong,Steel,Psychic,,,Bronzong,67,89,116,79,116,33,4
#438,Bonsly,Rock,,,,Bonsly,50,80,95,10,45,10,4
#439,Mime Jr.,Psychic,Fairy,,,Mime Jr.,20,25,45,70,90,60,4
#440,Happiny,Normal,,,,Happiny,100,5,5,15,65,30,4
#441,Chatot,Normal,Flying,,,Chatot,76,65,45,92,42,91,4
#442,Spiritomb,Ghost,Dark,,,Spiritomb,50,92,108,92,108,35,4
#443,Gible,Dragon,Ground,,,Gible,58,70,45,40,45,42,4
#444,Gabite,Dragon,Ground,,,Gabite,68,90,65,50,55,82,4
#445,Garchomp,Dragon,Ground,,,Garchomp,108,130,95,80,85,102,4
#446,Munchlax,Normal,,,,Munchlax,135,85,40,40,85,5,4
#447,Riolu,Fighting,,,,Riolu,40,70,40,35,40,60,4
#448,Lucario,Fighting,Steel,,,Lucario,70,110,70,115,70,90,4
#449,Hippopotas,Ground,,,,Hippopotas,68,72,78,38,42,32,4
#450,Hippowdon,Ground,,,,Hippowdon,108,112,118,68,72,47,4
#451,Skorupi,Poison,Bug,,,Skorupi,40,50,90,30,55,65,4
#452,Drapion,Poison,Dark,,,Drapion,70,90,110,60,75,95,4
#453,Croagunk,Poison,Fighting,,,Croagunk,48,61,40,61,40,50,4
#454,Toxicroak,Poison,Fighting,,,Toxicroak,83,106,65,86,65,85,4
#455,Carnivine,Grass,,,,Carnivine,74,100,72,90,72,46,4
#456,Finneon,Water,,,,Finneon,49,49,56,49,61,66,4
#457,Lumineon,Water,,,,Lumineon,69,69,76,69,86,91,4
#458,Mantyke,Water,Flying,,,Mantyke,45,20,50,60,120,50,4
#459,Snover,Grass,Ice,,,Snover,60,62,50,62,60,40,4
#460,Abomasnow,Grass,Ice,,,Abomasnow,90,92,75,92,85,60,4
#461,Weavile,Dark,Ice,,,Weavile,70,120,65,45,85,125,4
#462,Magnezone,Electric,Steel,,,Magnezone,70,70,115,130,90,60,4
#463,Lickilicky,Normal,,,,Lickilicky,110,85,95,80,95,50,4
#464,Rhyperior,Ground,Rock,,,Rhyperior,115,140,130,55,55,40,4
#465,Tangrowth,Grass,,,,Tangrowth,100,100,125,110,50,50,4
#466,Electivire,Electric,,,,Electivire,75,123,67,95,85,95,4
#467,Magmortar,Fire,,,,Magmortar,75,95,67,125,95,83,4
#468,Togekiss,Fairy,Flying,,,Togekiss,85,50,95,120,115,80,4
#469,Yanmega,Bug,Flying,,,Yanmega,86,76,86,116,56,95,4
#470,Leafeon,Grass,,,,Leafeon,65,110,130,60,65,95,4
#471,Glaceon,Ice,,,,Glaceon,65,60,110,130,95,65,4
#472,Gliscor,Ground,Flying,,,Gliscor,75,95,125,45,75,95,4
#473,Mamoswine,Ice,Ground,,,Mamoswine,110,130,80,70,60,80,4
#474,Porygon-Z,Normal,,,,Porygon-Z,85,80,70,135,75,90,4
#475,Gallade,Psychic,Fighting,,,Gallade,68,125,65,65,115,80,4
#476,Probopass,Rock,Steel,,,Probopass,60,55,145,75,150,40,4
#477,Dusknoir,Ghost,,,,Dusknoir,45,100,135,65,135,45,4
#478,Froslass,Ice,Ghost,,,Froslass,70,80,70,80,70,110,4
#479,Rotom,Electric,Ghost,,,Rotom,50,50,77,95,77,91,4
#479,RotomH,Electric,Fire,,,Rotom,50,65,107,105,107,86,4
#479,RotomW,Electric,Water,,,Rotom,50,65,107,105,107,86,4
#479,RotomFr,Electric,Ice,,,Rotom,50,65,107,105,107,86,4
#479,RotomFa,Electric,Flying,,,Rotom,50,65,107,105,107,86,4
#479,RotomM,Electric,Grass,,,Rotom,50,65,107,105,107,86,4
#480,Uxie,Psychic,,,,Uxie,75,75,130,75,130,95,4
#481,Mesprit,Psychic,,,,Mesprit,80,105,105,105,105,80,4
#482,Azelf,Psychic,,,,Azelf,75,125,70,125,70,115,4
#483,Dialga,Steel,Dragon,,,Dialga,100,120,120,150,100,90,4
#484,Palkia,Water,Dragon,,,Palkia,90,120,100,150,120,100,4
#485,Heatran,Fire,Steel,,,Heatran,91,90,106,130,106,77,4
#486,Regigigas,Normal,,,,Regigigas,110,160,110,80,110,100,4
#487,GiratinaA,Ghost,Dragon,,,Giratina,150,100,120,100,120,90,4
#487,GiratinaO,Ghost,Dragon,,,Giratina,150,120,100,120,100,90,4
#488,Cresselia,Psychic,,,,Cresselia,120,70,120,75,130,85,4
#489,Phione,Water,,,,Phione,80,80,80,80,80,80,4
#490,Manaphy,Water,,,,Manaphy,100,100,100,100,100,100,4
#491,Darkrai,Dark,,,,Darkrai,70,90,90,135,90,125,4
#492,ShayminL,Grass,,,,Shaymin,100,100,100,100,100,100,4
#492,ShayminS,Grass,Flying,,,Shaymin,100,103,75,120,75,127,4
#493,Arceus,Normal,,,,Arceus,120,120,120,120,120,120,4
#494,Victini,Psychic,Fire,,,Victini,100,100,100,100,100,100,5
#495,Snivy,Grass,,,,Snivy,45,45,55,45,55,63,5
#496,Servine,Grass,,,,Servine,60,60,75,60,75,83,5
#497,Serperior,Grass,,,,Serperior,75,75,95,75,95,113,5
#498,Tepig,Fire,,,,Tepig,65,63,45,45,45,45,5
#499,Pignite,Fire,Fighting,,,Pignite,90,93,55,70,55,55,5
#500,Emboar,Fire,Fighting,,,Emboar,110,123,65,100,65,65,5
#501,Oshawott,Water,,,,Oshawott,55,55,45,63,45,45,5
#502,Dewott,Water,,,,Dewott,75,75,60,83,60,60,5
#503,Samurott,Water,,,,Samurott,95,100,85,108,70,70,5
#504,Patrat,Normal,,,,Patrat,45,55,39,35,39,42,5
#505,Watchog,Normal,,,,Watchog,60,85,69,60,69,77,5
#506,Lillipup,Normal,,,,Lillipup,45,60,45,25,45,55,5
#507,Herdier,Normal,,,,Herdier,65,80,65,35,65,60,5
#508,Stoutland,Normal,,,,Stoutland,85,110,90,45,90,80,5
#509,Purrloin,Dark,,,,Purrloin,41,50,37,50,37,66,5
#510,Liepard,Dark,,,,Liepard,64,88,50,88,50,106,5
#511,Pansage,Grass,,,,Pansage,50,53,48,53,48,64,5
#512,Simisage,Grass,,,,Simisage,75,98,63,98,63,101,5
#513,Pansear,Fire,,,,Pansear,50,53,48,53,48,64,5
#514,Simisear,Fire,,,,Simisear,75,98,63,98,63,101,5
#515,Panpour,Water,,,,Panpour,50,53,48,53,48,64,5
#516,Simipour,Water,,,,Simipour,75,98,63,98,63,101,5
#517,Munna,Psychic,,,,Munna,76,25,45,67,55,24,5
#518,Musharna,Psychic,,,,Musharna,116,55,85,107,95,29,5
#519,Pidove,Normal,Flying,,,Pidove,50,55,50,36,30,43,5
#520,Tranquill,Normal,Flying,,,Tranquill,62,77,62,50,42,65,5
#521,Unfezant,Normal,Flying,,,Unfezant,80,115,80,65,55,93,5
#522,Blitzle,Electric,,,,Blitzle,45,60,32,50,32,76,5
#523,Zebstrika,Electric,,,,Zebstrika,75,100,63,80,63,116,5
#524,Roggenrola,Rock,,,,Roggenrola,55,75,85,25,25,15,5
#525,Boldore,Rock,,,,Boldore,70,105,105,50,40,20,5
#526,Gigalith,Rock,,,,Gigalith,85,135,130,60,80,25,5
#527,Woobat,Psychic,Flying,,,Woobat,65,45,43,55,43,72,5
#528,Swoobat,Psychic,Flying,,,Swoobat,67,57,55,77,55,114,5
#529,Drilbur,Ground,,,,Drilbur,60,85,40,30,45,68,5
#530,Excadrill,Ground,Steel,,,Excadrill,110,135,60,50,65,88,5
#531,Audino,Normal,,,,Audino,103,60,86,60,86,50,5
#532,Timburr,Fighting,,,,Timburr,75,80,55,25,35,35,5
#533,Gurdurr,Fighting,,,,Gurdurr,85,105,85,40,50,40,5
#534,Conkeldurr,Fighting,,,,Conkeldurr,105,140,95,55,65,45,5
#535,Tympole,Water,,,,Tympole,50,50,40,50,40,64,5
#536,Palpitoad,Water,Ground,,,Palpitoad,75,65,55,65,55,69,5
#537,Seismitoad,Water,Ground,,,Seismitoad,105,95,75,85,75,74,5
#538,Throh,Fighting,,,,Throh,120,100,85,30,85,45,5
#539,Sawk,Fighting,,,,Sawk,75,125,75,30,75,85,5
#540,Sewaddle,Bug,Grass,,,Sewaddle,45,53,70,40,60,42,5
#541,Swadloon,Bug,Grass,,,Swadloon,55,63,90,50,80,42,5
#542,Leavanny,Bug,Grass,,,Leavanny,75,103,80,70,80,92,5
#543,Venipede,Bug,Poison,,,Venipede,30,45,59,30,39,57,5
#544,Whirlipede,Bug,Poison,,,Whirlipede,40,55,99,40,79,47,5
#545,Scolipede,Bug,Poison,,,Scolipede,60,100,89,55,69,112,5
#546,Cottonee,Grass,Fairy,,,Cottonee,40,27,60,37,50,66,5
#547,Whimsicott,Grass,Fairy,,,Whimsicott,60,67,85,77,75,116,5
#548,Petilil,Grass,,,,Petilil,45,35,50,70,50,30,5
#549,Lilligant,Grass,,,,Lilligant,70,60,75,110,75,90,5
#550,Basculin,Water,,,,Basculin,70,92,65,80,55,98,5
#551,Sandile,Ground,Dark,,,Sandile,50,72,35,35,35,65,5
#552,Krokorok,Ground,Dark,,,Krokorok,60,82,45,45,45,74,5
#553,Krookodile,Ground,Dark,,,Krookodile,95,117,80,65,70,92,5
#554,Darumaka,Fire,,,,Darumaka,70,90,45,15,45,50,5
#555,DarmanitanN,Fire,,,,Darmanitan,105,140,55,30,55,95,5
#555,DarmanitanZ,Fire,Psychic,,,Darmanitan,105,30,105,140,105,55,5
#556,Maractus,Grass,,,,Maractus,75,86,67,106,67,60,5
#557,Dwebble,Bug,Rock,,,Dwebble,50,65,85,35,35,55,5
#558,Crustle,Bug,Rock,,,Crustle,70,105,125,65,75,45,5
#559,Scraggy,Dark,Fighting,,,Scraggy,50,75,70,35,70,48,5
#560,Scrafty,Dark,Fighting,,,Scrafty,65,90,115,45,115,58,5
#561,Sigilyph,Psychic,Flying,,,Sigilyph,72,58,80,103,80,97,5
#562,Yamask,Ghost,,,,Yamask,38,30,85,55,65,30,5
#563,Cofagrigus,Ghost,,,,Cofagrigus,58,50,145,95,105,30,5
#564,Tirtouga,Water,Rock,,,Tirtouga,54,78,103,53,45,22,5
#565,Carracosta,Water,Rock,,,Carracosta,74,108,133,83,65,32,5
#566,Archen,Rock,Flying,,,Archen,55,112,45,74,45,70,5
#567,Archeops,Rock,Flying,,,Archeops,75,140,65,112,65,110,5
#568,Trubbish,Poison,,,,Trubbish,50,50,62,40,62,65,5
#569,Garbodor,Poison,,,,Garbodor,80,95,82,60,82,75,5
#570,Zorua,Dark,,,,Zorua,40,65,40,80,40,65,5
#571,Zoroark,Dark,,,,Zoroark,60,105,60,120,60,105,5
#572,Minccino,Normal,,,,Minccino,55,50,40,40,40,75,5
#573,Cinccino,Normal,,,,Cinccino,75,95,60,65,60,115,5
#574,Gothita,Psychic,,,,Gothita,45,30,50,55,65,45,5
#575,Gothorita,Psychic,,,,Gothorita,60,45,70,75,85,55,5
#576,Gothitelle,Psychic,,,,Gothitelle,70,55,95,95,110,65,5
#577,Solosis,Psychic,,,,Solosis,45,30,40,105,50,20,5
#578,Duosion,Psychic,,,,Duosion,65,40,50,125,60,30,5
#579,Reuniclus,Psychic,,,,Reuniclus,110,65,75,125,85,30,5
#580,Ducklett,Water,Flying,,,Ducklett,62,44,50,44,50,55,5
#581,Swanna,Water,Flying,,,Swanna,75,87,63,87,63,98,5
#582,Vanillite,Ice,,,,Vanillite,36,50,50,65,60,44,5
#583,Vanillish,Ice,,,,Vanillish,51,65,65,80,75,59,5
#584,Vanilluxe,Ice,,,,Vanilluxe,71,95,85,110,95,79,5
#585,Deerling,Normal,Grass,,,Deerling,60,60,50,40,50,75,5
#586,Sawsbuck,Normal,Grass,,,Sawsbuck,80,100,70,60,70,95,5
#587,Emolga,Electric,Flying,,,Emolga,55,75,60,75,60,103,5
#588,Karrablast,Bug,,,,Karrablast,50,75,45,40,45,60,5
#589,Escavalier,Bug,Steel,,,Escavalier,70,135,105,60,105,20,5
#590,Foongus,Grass,Poison,,,Foongus,69,55,45,55,55,15,5
#591,Amoonguss,Grass,Poison,,,Amoonguss,114,85,70,85,80,30,5
#592,Frillish,Water,Ghost,,,Frillish,55,40,50,65,85,40,5
#593,Jellicent,Water,Ghost,,,Jellicent,100,60,70,85,105,60,5
#594,Alomomola,Water,,,,Alomomola,165,75,80,40,45,65,5
#595,Joltik,Bug,Electric,,,Joltik,50,47,50,57,50,65,5
#596,Galvantula,Bug,Electric,,,Galvantula,70,77,60,97,60,108,5
#597,Ferroseed,Grass,Steel,,,Ferroseed,44,50,91,24,86,10,5
#598,Ferrothorn,Grass,Steel,,,Ferrothorn,74,94,131,54,116,20,5
#599,Klink,Steel,,,,Klink,40,55,70,45,60,30,5
#600,Klang,Steel,,,,Klang,60,80,95,70,85,50,5
#601,Klinklang,Steel,,,,Klinklang,60,100,115,70,85,90,5
#602,Tynamo,Electric,,,,Tynamo,35,55,40,45,40,60,5
#603,Eelektrik,Electric,,,,Eelektrik,65,85,70,75,70,40,5
#604,Eelektross,Electric,,,,Eelektross,85,115,80,105,80,50,5
#605,Elgyem,Psychic,,,,Elgyem,55,55,55,85,55,30,5
#606,Beheeyem,Psychic,,,,Beheeyem,75,75,75,125,95,40,5
#607,Litwick,Ghost,Fire,,,Litwick,50,30,55,65,55,20,5
#608,Lampent,Ghost,Fire,,,Lampent,60,40,60,95,60,55,5
#609,Chandelure,Ghost,Fire,,,Chandelure,60,55,90,145,90,80,5
#610,Axew,Dragon,,,,Axew,46,87,60,30,40,57,5
#611,Fraxure,Dragon,,,,Fraxure,66,117,70,40,50,67,5
#612,Haxorus,Dragon,,,,Haxorus,76,147,90,60,70,97,5
#613,Cubchoo,Ice,,,,Cubchoo,55,70,40,60,40,40,5
#614,Beartic,Ice,,,,Beartic,95,130,80,70,80,50,5
#615,Cryogonal,Ice,,,,Cryogonal,80,50,50,95,135,105,5
#616,Shelmet,Bug,,,,Shelmet,50,40,85,40,65,25,5
#617,Accelgor,Bug,,,,Accelgor,80,70,40,100,60,145,5
#618,Stunfisk,Ground,Electric,,,Stunfisk,109,66,84,81,99,32,5
#619,Mienfoo,Fighting,,,,Mienfoo,45,85,50,55,50,65,5
#620,Mienshao,Fighting,,,,Mienshao,65,125,60,95,60,105,5
#621,Druddigon,Dragon,,,,Druddigon,77,120,90,60,90,48,5
#622,Golett,Ground,Ghost,,,Golett,59,74,50,35,50,35,5
#623,Golurk,Ground,Ghost,,,Golurk,89,124,80,55,80,55,5
#624,Pawniard,Dark,Steel,,,Pawniard,45,85,70,40,40,60,5
#625,Bisharp,Dark,Steel,,,Bisharp,65,125,100,60,70,70,5
#626,Bouffalant,Normal,,,,Bouffalant,95,110,95,40,95,55,5
#627,Rufflet,Normal,Flying,,,Rufflet,70,83,50,37,50,60,5
#628,Braviary,Normal,Flying,,,Braviary,100,123,75,57,75,80,5
#629,Vullaby,Dark,Flying,,,Vullaby,70,55,75,45,65,60,5
#630,Mandibuzz,Dark,Flying,,,Mandibuzz,110,65,105,55,95,80,5
#631,Heatmor,Fire,,,,Heatmor,85,97,66,105,66,65,5
#632,Durant,Bug,Steel,,,Durant,58,109,112,48,48,109,5
#633,Deino,Dark,Dragon,,,Deino,52,65,50,45,50,38,5
#634,Zweilous,Dark,Dragon,,,Zweilous,72,85,70,65,70,58,5
#635,Hydreigon,Dark,Dragon,,,Hydreigon,92,105,90,125,90,98,5
#636,Larvesta,Bug,Fire,,,Larvesta,55,85,55,50,55,60,5
#637,Volcarona,Bug,Fire,,,Volcarona,85,60,65,135,105,100,5
#638,Cobalion,Steel,Fighting,,,Cobalion,91,90,129,90,72,108,5
#639,Terrakion,Rock,Fighting,,,Terrakion,91,129,90,72,90,108,5
#640,Virizion,Grass,Fighting,,,Virizion,91,90,72,90,129,108,5
#641,TornadusI,Flying,,,,Tornadus,79,115,70,125,80,111,5
#641,TornadusT,Flying,,,,Tornadus,79,100,80,110,90,121,5
#642,ThundurusI,Electric,Flying,,,Thundurus,79,115,70,125,80,111,5
#642,ThundurusT,Electric,Flying,,,Thundurus,79,105,70,145,80,101,5
#643,Reshiram,Dragon,Fire,,,Reshiram,100,120,100,150,120,90,5
#644,Zekrom,Dragon,Electric,,,Zekrom,100,150,120,120,100,90,5
#645,LandorusI,Ground,Flying,,,Landorus,89,125,90,115,80,101,5
#645,LandorusT,Ground,Flying,,,Landorus,89,145,90,105,80,91,5
#646,Kyurem,Dragon,Ice,,,Kyurem,125,130,90,130,90,95,5
#646,KyuremB,Dragon,Ice,,,Kyurem,125,170,100,120,90,95,5
#646,KyuremW,Dragon,Ice,,,Kyurem,125,120,90,170,100,95,5
#647,Keldeo,Water,Fighting,,,Keldeo,91,72,90,129,90,108,5
#648,MeloettaA,Normal,Psychic,,,Meloetta,100,77,77,128,128,90,5
#648,MeloettaP,Normal,Fighting,,,Meloetta,100,128,90,77,77,128,5
#649,Genesect,Bug,Steel,,,Genesect,71,120,95,120,95,99,5
#650,Chespin,Grass,,,,Chespin,56,61,65,48,45,38,6
#651,Quilladin,Grass,,,,Quilladin,61,78,95,56,58,57,6
#652,Chesnaught,Grass,Fighting,,,Chesnaught,88,107,122,74,75,64,6
#653,Fennekin,Fire,,,,Fennekin,40,45,40,62,60,60,6
#654,Braixen,Fire,,,,Braixen,59,59,58,90,70,73,6
#655,Delphox,Fire,Psychic,,,Delphox,75,69,72,114,100,104,6
#656,Froakie,Water,,,,Froakie,41,56,40,62,44,71,6
#657,Frogadier,Water,,,,Frogadier,54,63,52,83,56,97,6
#658,Greninja,Water,Dark,,,Greninja,72,95,67,103,71,122,6
#659,Bunnelby,Normal,,,,Bunnelby,38,36,38,32,36,57,6
#660,Diggersby,Normal,Ground,,,Diggersby,85,56,77,50,77,78,6
#661,Fletchling,Normal,Flying,,,Fletchling,45,50,43,40,38,62,6
#662,Fletchinder,Fire,Flying,,,Fletchinder,62,73,55,56,52,84,6
#663,Talonflame,Fire,Flying,,,Talonflame,78,81,71,74,69,126,6
#664,Scatterbug,Bug,,,,Scatterbug,38,35,40,27,25,35,6
#665,Spewpa,Bug,,,,Spewpa,45,22,60,27,30,29,6
#666,Vivillon,Bug,Flying,,,Vivillon,80,52,50,90,50,89,6
#667,Litleo,Fire,Normal,,,Litleo,62,50,58,73,54,72,6
#668,Pyroar,Fire,Normal,,,Pyroar,86,68,72,109,66,106,6
#669,Flabébé,Fairy,,,,FlabÃ©bÃ©,44,38,39,61,79,42,6
#670,Floette,Fairy,,,,Floette,54,45,47,75,98,52,6
#671,Florges,Fairy,,,,Florges,78,65,68,112,154,75,6
#672,Skiddo,Grass,,,,Skiddo,66,65,48,62,57,52,6
#673,Gogoat,Grass,,,,Gogoat,123,100,62,97,81,68,6
#674,Pancham,Fighting,,,,Pancham,67,82,62,46,48,43,6
#675,Pangoro,Fighting,Dark,,,Pangoro,95,124,78,69,71,58,6
#676,Furfrou,Normal,,,,Furfrou,75,80,60,65,90,102,6
#677,Espurr,Psychic,,,,Espurr,62,48,54,63,60,68,6
#678,Meowstic,Psychic,,,,Meowstic,74,48,76,83,81,104,6
#679,Honedge,Steel,Ghost,,,Honedge,45,80,100,35,37,28,6
#680,Doublade,Steel,Ghost,,,Doublade,59,110,150,45,49,35,6
#681,AegislashS,Steel,Ghost,,,Aegislash,60,50,150,50,150,60,6
#681,AegislashB,Steel,Ghost,,,Aegislash,60,150,50,150,50,60,6
#682,Spritzee,Fairy,,,,Spritzee,78,52,60,63,65,23,6
#683,Aromatisse,Fairy,,,,Aromatisse,101,72,72,99,89,29,6
#684,Swirlix,Fairy,,,,Swirlix,62,48,66,59,57,49,6
#685,Slurpuff,Fairy,,,,Slurpuff,82,80,86,85,75,72,6
#686,Inkay,Dark,Psychic,,,Inkay,53,54,53,37,46,45,6
#687,Malamar,Dark,Psychic,,,Malamar,86,92,88,68,75,73,6
#688,Binacle,Rock,Water,,,Binacle,42,52,67,39,56,50,6
#689,Barbaracle,Rock,Water,,,Barbaracle,72,105,115,54,86,68,6
#690,Skrelp,Poison,Water,,,Skrelp,50,60,60,60,60,30,6
#691,Dragalge,Poison,Dragon,,,Dragalge,65,75,90,97,123,44,6
#692,Clauncher,Water,,,,Clauncher,50,53,62,58,63,44,6
#693,Clawitzer,Water,,,,Clawitzer,71,73,88,120,89,59,6
#694,Helioptile,Electric,Normal,,,Helioptile,44,38,33,61,43,70,6
#695,Heliolisk,Electric,Normal,,,Heliolisk,62,55,52,109,94,109,6
#696,Tyrunt,Rock,Dragon,,,Tyrunt,58,89,77,45,45,48,6
#697,Tyrantrum,Rock,Dragon,,,Tyrantrum,82,121,119,69,59,71,6
#698,Amaura,Rock,Ice,,,Amaura,77,59,50,67,63,46,6
#699,Aurorus,Rock,Ice,,,Aurorus,123,77,72,99,92,58,6
#700,Sylveon,Fairy,,,,Sylveon,95,65,65,110,130,60,6
#701,Hawlucha,Fighting,Flying,,,Hawlucha,78,92,75,74,63,118,6
#702,Dedenne,Electric,Fairy,,,Dedenne,67,58,57,81,67,101,6
#703,Carbink,Rock,Fairy,,,Carbink,50,50,150,50,150,50,6
#704,Goomy,Dragon,,,,Goomy,45,50,35,55,75,40,6
#705,Sliggoo,Dragon,,,,Sliggoo,68,75,53,83,113,60,6
#706,Goodra,Dragon,,,,Goodra,90,100,70,110,150,80,6
#707,Klefki,Steel,Fairy,,,Klefki,57,80,91,80,87,75,6
#708,Phantump,Ghost,Grass,,,Phantump,43,70,48,50,60,38,6
#709,Trevenant,Ghost,Grass,,,Trevenant,85,110,76,65,82,56,6
#710,Pumpkaboo,Ghost,Grass,,,Pumpkaboo,49,66,70,44,55,51,6
#711,Gourgeist,Ghost,Grass,,,Gourgeist,65,90,122,58,75,84,6
#712,Bergmite,Ice,,,,Bergmite,55,69,85,32,35,28,6
#713,Avalugg,Ice,,,,Avalugg,95,117,184,44,46,28,6
#714,Noibat,Flying,Dragon,,,Noibat,40,30,35,45,40,55,6
#715,Noivern,Flying,Dragon,,,Noivern,85,70,80,97,80,123,6
#716,Xerneas,Fairy,,,,Xerneas,126,131,95,131,98,99,6
#717,Yveltal,Dark,Flying,,,Yveltal,126,131,95,131,98,99,6
#718,Zygarde1,Dragon,Ground,,,Zygarde,108,100,121,81,95,95,7
#718,Zygarde5,Dragon,Ground,,,Zygarde,54,100,71,61,85,115,6
#718,ZygardeC,Dragon,Ground,,,Zygarde,216,100,121,91,95,85,6
#719,Diancie,Rock,Fairy,,,Diancie,50,100,150,100,150,50,6
#720,HoopaC,Psychic,Ghost,,,Hoopa,80,110,60,150,130,70,6
#720,HoopaU,Psychic,Dark,,,Hoopa,80,160,60,170,130,80,6
#721,Volcanion,Fire,Water,,,Volcanion,80,110,120,130,90,70,6
#722,Rowlet,Grass,Flying,,,Rowlet,68,55,55,50,50,42,7
#723,Dartrix,Grass,Flying,,,Dartrix,78,75,75,70,70,52,7
#724,Decidueye,Grass,Ghost,,,Decidueye,78,107,75,100,100,70,7
#725,Litten,Fire,,,,Litten,45,65,40,60,40,70,7
#726,Torracat,Fire,,,,Torracat,65,85,50,80,50,90,7
#727,Incineroar,Fire,Dark,,,Incineroar,95,115,90,80,90,60,7
#728,Popplio,Water,,,,Popplio,50,54,54,66,56,40,7
#729,Brionne,Water,,,,Brionne,60,69,69,91,81,50,7
#730,Primarina,Water,Fairy,,,Primarina,80,74,74,126,116,60,7
#731,Pikipek,Normal,Flying,,,Pikipek,35,75,30,30,30,65,7
#732,Trumbeak,Normal,Flying,,,Trumbeak,55,85,50,40,50,75,7
#733,Toucannon,Normal,Flying,,,Toucannon,80,120,75,75,75,60,7
#734,Yungoos,Normal,,,,Yungoos,48,70,30,30,30,45,7
#735,Gumshoos,Normal,,,,Gumshoos,88,110,60,55,60,45,7
#736,Grubbin,Bug,,,,Grubbin,47,62,45,55,45,46,7
#737,Charjabug,Bug,Electric,,,Charjabug,57,82,95,55,75,36,7
#738,Vikavolt,Bug,Electric,,,Vikavolt,77,70,90,145,75,43,7
#739,Crabrawler,Fighting,,,,Crabrawler,47,82,57,42,47,63,7
#740,Crabominable,Fighting,Ice,,,Crabominable,97,132,77,62,67,43,7
#741,OricorioB,Fire,Flying,,,Oricorio,75,70,70,98,70,93,7
#741,OricorioPo,Electric,Flying,,,Oricorio,75,70,70,98,70,93,7
#741,OricorioPa,Psychic,Flying,,,Oricorio,75,70,70,98,70,93,7
#741,OricorioS,Ghost,Flying,,,Oricorio,75,70,70,98,70,93,7
#742,Cutiefly,Bug,Fairy,,,Cutiefly,40,45,40,55,40,84,7
#743,Ribombee,Bug,Fairy,,,Ribombee,60,55,60,95,70,124,7
#744,Rockruff,Rock,,,,Rockruff,45,65,40,30,40,60,7
#745,LycanrocDay,Rock,,,,Lycanroc,75,115,65,55,65,112,7
#745,LycanrocNite,Rock,,,,Lycanroc,85,115,75,55,75,82,7
#745,LycanrocDusk,Rock,,,,Lycanroc,75,117,65,55,65,110,7
#746,WishiwashiSo,Water,,,,Wishiwashi,45,20,20,25,25,40,7
#746,WishiwashiSc,Water,,,,Wishiwashi,45,140,130,140,135,30,7
#747,Mareanie,Poison,Water,,,Mareanie,50,53,62,43,52,45,7
#748,Toxapex,Poison,Water,,,Toxapex,50,63,152,53,142,35,7
#749,Mudbray,Ground,,,,Mudbray,70,100,70,45,55,45,7
#750,Mudsdale,Ground,,,,Mudsdale,100,125,100,55,85,35,7
#751,Dewpider,Water,Bug,,,Dewpider,38,40,52,40,72,27,7
#752,Araquanid,Water,Bug,,,Araquanid,68,70,92,50,132,42,7
#753,Fomantis,Grass,,,,Fomantis,40,55,35,50,35,35,7
#754,Lurantis,Grass,,,,Lurantis,70,105,90,80,90,45,7
#755,Morelull,Grass,Fairy,,,Morelull,40,35,55,65,75,15,7
#756,Shiinotic,Grass,Fairy,,,Shiinotic,60,45,80,90,100,30,7
#757,Salandit,Poison,Fire,,,Salandit,48,44,40,71,40,77,7
#758,Salazzle,Poison,Fire,,,Salazzle,68,64,60,111,60,117,7
#759,Stufful,Normal,Fighting,,,Stufful,70,75,50,45,50,50,7
#760,Bewear,Normal,Fighting,,,Bewear,120,125,80,55,60,60,7
#761,Bounsweet,Grass,,,,Bounsweet,42,30,38,30,38,32,7
#762,Steenee,Grass,,,,Steenee,52,40,48,40,48,62,7
#763,Tsareena,Grass,,,,Tsareena,72,120,98,50,98,72,7
#764,Comfey,Fairy,,,,Comfey,51,52,90,82,110,100,7
#765,Oranguru,Normal,Psychic,,,Oranguru,90,60,80,90,110,60,7
#766,Passimian,Fighting,,,,Passimian,100,120,90,40,60,80,7
#767,Wimpod,Bug,Water,,,Wimpod,25,35,40,20,30,80,7
#768,Golisopod,Bug,Water,,,Golisopod,75,125,140,60,90,40,7
#769,Sandygast,Ghost,Ground,,,Sandygast,55,55,80,70,45,15,7
#770,Palossand,Ghost,Ground,,,Palossand,85,75,110,100,75,35,7
#771,Pyukumuku,Water,,,,Pyukumuku,55,60,130,30,130,5,7
#772,Type: Null,Normal,,,,Type: Null,95,95,95,95,95,59,7
#773,Silvally,Normal,,,,Silvally,95,95,95,95,95,95,7
#774,MiniorM,Rock,Flying,,,Minior,60,60,100,60,100,60,7
#774,MiniorC,Rock,Flying,,,Minior,60,100,60,100,60,120,7
#775,Komala,Normal,,,,Komala,65,115,65,75,95,65,7
#776,Turtonator,Fire,Dragon,,,Turtonator,60,78,135,91,85,36,7
#777,Togedemaru,Electric,Steel,,,Togedemaru,65,98,63,40,73,96,7
#778,Mimikyu,Ghost,Fairy,,,Mimikyu,55,90,80,50,105,96,7
#779,Bruxish,Water,Psychic,,,Bruxish,68,105,70,70,70,92,7
#780,Drampa,Normal,Dragon,,,Drampa,78,60,85,135,91,36,7
#781,Dhelmise,Ghost,Grass,,,Dhelmise,70,131,100,86,90,40,7
#782,Jangmo-o,Dragon,,,,Jangmo-o,45,55,65,45,45,45,7
#783,Hakamo-o,Dragon,Fighting,,,Hakamo-o,55,75,90,65,70,65,7
#784,Kommo-o,Dragon,Fighting,,,Kommo-o,75,110,125,100,105,85,7
#785,Tapu Koko,Electric,Fairy,,,Tapu Koko,70,115,85,95,75,130,7
#786,Tapu Lele,Psychic,Fairy,,,Tapu Lele,70,85,75,130,115,95,7
#787,Tapu Bulu,Grass,Fairy,,,Tapu Bulu,70,130,115,85,95,75,7
#788,Tapu Fini,Water,Fairy,,,Tapu Fini,70,75,115,95,130,85,7
#789,Cosmog,Psychic,,,,Cosmog,43,29,31,29,31,37,7
#790,Cosmoem,Psychic,,,,Cosmoem,43,29,131,29,131,37,7
#791,Solgaleo,Psychic,Steel,,,Solgaleo,137,137,107,113,89,97,7
#792,Lunala,Psychic,Ghost,,,Lunala,137,113,89,137,107,97,7
#793,Nihilego,Rock,Poison,,,Nihilego,109,53,47,127,131,103,7
#794,Buzzwole,Bug,Fighting,,,Buzzwole,107,139,139,53,53,79,7
#795,Pheromosa,Bug,Fighting,,,Pheromosa,71,137,37,137,37,151,7
#796,Xurkitree,Electric,,,,Xurkitree,83,89,71,173,71,83,7
#797,Celesteela,Steel,Flying,,,Celesteela,97,101,103,107,101,61,7
#798,Kartana,Grass,Steel,,,Kartana,59,181,131,59,31,109,7
#799,Guzzlord,Dark,Dragon,,,Guzzlord,223,101,53,97,53,43,7
#800,Necrozma,Psychic,,,,Necrozma,97,107,101,127,89,79,7
#800,NecrozmaS,Psychic,Steel,,,Necrozma,97,157,127,113,109,77,7
#800,NecrozmaL,Psychic,Ghost,,,Necrozma,97,113,109,157,127,77,7
#800,NecrozmaU,Psychic,Dragon,,,Necrozma,97,167,97,167,97,129,7
#801,Magearna,Steel,Fairy,,,Magearna,80,95,115,130,115,65,7
#802,Marshadow,Fighting,Ghost,,,Marshadow,90,125,80,90,90,125,7
#803,Poipole,Poison,,,,Poipole,67,73,67,73,67,73,7
#804,Naganadel,Poison,Dragon,,,Naganadel,73,73,73,127,73,121,7
#805,Stakataka,Rock,Steel,,,Stakataka,61,131,211,53,101,13,7
#806,Blacephalon,Fire,Ghost,,,Blacephalon,53,127,53,151,79,107,7
#807,Zeraora,Electric,,,,Zeraora,88,112,75,102,80,143,7
#808,Meltan,Steel,,,,Meltan,46,65,65,55,35,34,7
#809,Melmetal,Steel,,,,Melmetal,135,143,143,80,65,34,7
